#id,Name,SecurityClearance,Title
1,Isis Adcox  ,5,Engineer I
2,Yu Chaloux  ,8,Engineer II
3,Lorette Gee  ,2,Assistant Pilot
4,Telma Rosas  ,5,Mechanic
5,Lynsey Christman  ,3,Technician
6,Shanika Reller  ,5,Biologist
7,Marcus Durkee  ,2,Chemist
8,Orval Barney  ,9,Engineer I
9,Maryanna Militello  ,1,Engineer II
10,Reva Gosser  ,6,Assistant Pilot
11,Noble Luczynski  ,4,Mechanic
12,Cherise Propp  ,2,Technician
13,Nickie Fralick  ,3,Biologist
14,Christel Sample  ,6,Chemist
15,Lynnette Woods  ,4,Engineer I
16,Karma Hennen  ,2,Engineer II
17,Alton Saez  ,1,Assistant Pilot
